Colonia,DependenciaGob,DomGob,TipoGob
394,Centro de Desarrollo Comunitario No. 2,"Carretera a Nogales Nº 80 (cruce con  Manuel García), Tel 31510392 y 31510167",1
399,"Módulo de Asistencia Social, DIF","Boulevard la Espuela s/n, Tel. 36330159.",1
408,Centro de Desarrollo Comunitario,Tomas Nava Nº 99 (Cruza con Pío Quinto Enriquez) Tel. 36258273.,1
418,"Módulos de Asistencia Social, DIF","Vista Selene s/n (Cruza con Vista del Sol), Tel. 36258316.",1
65,Recaudadora Nº 114,Ramón Corona Nº 356; tel. 36330611 y 36338147,2
191,Centro de Validación Vehícular,Juan Gil Preciado Nº 6735 (a un costado de las instalaciones de Servicios y Transportes),2
248,Centro de Desarrollo Tecnológico para la Educación en el Estado de Jalisco,Helios Nº 1217; tel. 36786800 y 36786844,2
352,SIAPA (Centro Operativo),"Javier Mina Nº 354, cruce Americas y Ávila Camacho; tel. 36333183",2
242,LICONSA,San Luis y San Miguel,3
370,Comisión Federal de Electricidad (oficina de atención y CFEmático),Av. Tabachines Nº 1181,3
361,Comisión Federal de Electricidad (oficinas de atención y CFEmáticos),Santa Esther esq. Santa Cecilia,3
370,LICONSA,Paseo de las Araucarias y Rizo Ayala,3
275,Comisión Federal de Electricidad (CFEmáticos),FelipeRuvalcaba Nº 5550,3
373,Comisión Federal de Electricidad,Puebla Nº 121,3
349,PEMEX (Asesorías Comerciales Región Occidente),Av. Aviación Nº 999; tel. 36782500,3
59,Consulado de Bélgica,Privada de la Nogalera Nº 1; tel. 36850402,3
54,Consulado de El Salvador,"Av. Guadalupe Nº 4358, entre San Antonio Neri y San Felipe de Jesús; tel. 36164262 y 31218712",3
197,-Inexistente-,,99
423,-Inexistente-,,99
41,Liconsa,,3
156,Comisión Federal de Electricidad,Av. Santa Margarita,3
144,Inexistente-,,99
51,Consulado de Nicaragua,"Av. Mariano Otero Nº 3685, entre Boyero y Av. Patria; tel. 35879836/35872836",3
288,Consulado de Reino Unido e Irlanda del Norte,"Jesús de Rojas Nº 20, entre Av. de los Pinos y Picis; tel. 33432296/38134747",3
299,Consulado de Rumania,Blvd. Pta. de Hierro Torre Cube piso 12-B Nº 5210; tel. 33435100/33435200,3
438,- Inexistente -,,99
441,Inexistente,,99
439,Inexistente,,99
344,SCT,Constitución y Av. Tesistán,3
344,Telégrafos,"Av. Tesistán, casi esq. con Constitución",3
51,Procuraduría de la Defensa del Menor y la Familia,"López Mateos Sur No. 5100, Tel. 36327252",1
78,SIAPA,Calzada de San Juan y de los Ángeles,2
78,"IFE, Junta Distrital, Distrito 10",Cipreses 20,3
222,Módulo del IFE,Delegación Atemajac (Hidalgo No. 10),3
222,PGJ,Delegación Atemajac (Hidalgo No. 10),2
408,CORET,Casiano Torres y Saltillo,3
222,CDC DIF,Emiliano Zapata y Ramón Corona,1
354,Vivero Municipal Tabachines,"Periférico, Tel. 36337194",1
194,"Sagarpa, Del. Estatal Jalisco, Distrito I Zapopan",Periférico No. 3101,3
104,Notaria Nº 6,"Territorio Nacional Nº 24, tels. 36333538, 36561351 y 36539024.",2
65,Notaria Nº 7,"Coloón Nº 209, Despachos 301 y 302, tel. 36130065",2
65,Notaria Nº 13,"20 de noviembre Nº 160, tel. 36330355 y 36330098, Lic. José Gustavo Chávez Lizano",2
75,Notaria Nº 20,"Av. Niño Obrero Nº 830, tels. 31220521, 31216580 y 31216355, Lic. Jesús Enrique Ramos Ruiz",2
78,Notaria Nº 22,"Circunvalación Oriente Nº 161-A, tels. 38174110, 36270360 y 36271966, Lic. Alejandro Moreno Pérez",2
185,Notaria Nº 23,"Guadalupe Nº 4978, tel. 36204822, Lic. Jorge Humberto Chavira Martínez",2
199,Unidad Administrativa del Ayuntamiento de Zapopan,Calla Palmas,1
199,"Tanque Tabachines 2, perteneciente al SIAPA",Jardines de los Robles Poniente,2
121,Academia Municipal,Abelardo Rodriguez No. 222,1
422,Consejo Estatal de la Secretaria de Salud Jalisco,Tequisquitengo y Laguna de Pescadores,2
2,-Inexistente-,,99
10,-Inexistente-,,99
23,-Inexistente-,,99
25,-Inexistente-,,99
28,-Inexistente-,,99
29,-Inexistente-,,99
32,-Inexistente-,,99
39,-Inexistente-,,99
48,-Inexistente-,,99
58,-Inexistente-,,99
66,-Inexistente-,,99
67,-Inexistente-,,99
81,-Inexistente-,,99
87,-Inexistente-,,99
103,"Centro de Desarrollo Infantil No. 10 ""Del Mar""","Boulevard de la Espuela No. 91, entre Pino Suárez y Silvano Barba",1
105,-Inexistente-,,99
106,-Inexistente-,,99
112,-Inexistente-,,99
115,-Inexistente-,,99
118,-Inexistente-,,99
120,-Inexistente-,,99
136,-Inexistente-,,99
147,-Inexistente-,,99
152,-Inexistente-,,99
161,-Inexistente-,,99
162,-Inexistente-,,99
165,-Inexistente-,,99
168,-Inexistente-,,99
189,-Inexistente-,,99
196,-Inexistente-,,99
206,-Inexistente-,,99
216,-Inexistente-,,99
224,-Inexistente-,,99
225,-Inexistente-,,99
233,-Inexistente-,,99
238,-Inexistente-,,99
239,-Inexistente-,,99
240,Comisión Federal de Electricidad,Calle Malinalli y Xelhua,3
241,-Inexistente-,,99
244,-Inexistente-,,99
249,-Inexistente-,,99
254,-Inexistente-,,99
385,Oportunidades,Andador Ma. Cristina Peña 247,1
260,-Inexistente-,,99
170,LICONSA,Hidalgo Y 22 de Junio,3
228,LICONSA,Agua Fria # 303,3
257,LICONSA,Braga # 1930,3
262,-Inexistente-,,99
328,- Inexistente -,,99
51,Recaudadora 2,López Mateos Sur No. 5100,1
51,Módulo de la Secretaría de Vialidad y Transporte,López Mateos Sur No. 5100,2
291,- Inexistente -,,99
298,- Inexistente -,,99
414,- Inexistente -,,99
467,- Inexistente -,,99
468,- Inexistente -,,99
469,- Inexistente -,,99
470,- Inexistente -,,99
471,- Inexistente -,,99
150,INEGI,Calle de la Calesa No. 1051,3
69,- Inexistente -,,99
143,- Inexistente -,,99
159,- Inexistente -,,99
163,- Inexistente -,,99
153,- Inexistente -,,99
64,- Inexistente -,,99
148,Rastro Municipal,Av. del Rastro,1
124,- Inexistente -,,99
78,"Secretaría de Salud, Región X",Av. Las Palmas 166,2
68,-Inexistente-,,99
49,Bomba del SIAPA,Las Torres y San Jose,2
75,Notaría 32,Niño Obrero 882,2
83,Inexistente,,99
318,inexistente,,99
96,Inexistente,,99
396,Inexistente,,99
474,Inexistente,,99
475,Inexistente,,99
378,Inexistente,,99
198,Inexistente,,99
186,inexistente,,99
178,Inexistente,,99
209,Inexistente,,99
213,Inexistente,,99
215,Inexistente,,99
211,Inexistente,,99
212,Inexistente,,99
476,Inexistente,,99
267,Inexistente,,99
479,Inexistente,,99
210,"DIF ""Centro de Atención al Adolecente""",Av. Tabachines y Rio Tuito,1
210,"Liconsa ""SEDESOL""",Av. Tabachines N° 3214 y Tequila,3
478,Inexistente,,99
477,Inexistente,,99
217,Inexistente,,99
229,Inexistente,,99
268,Inexistente,,99
269,Inexistente,,99
270,Inexistente,,99
223,Inexistente,,99
480,Inexistente,,99
240,Liconsa,Calle Cometl 990A y Delli,3
484,Inexistente,,99
483,Inexistente,,99
482,Inexistente,,99
481,Inexistente,,99
252,Inexistente,,99
134,Inexistente,,99
214,Inexistente,,99
490,Inexistente,,99
491,inexistente,,99
489,Inexistente,,99
487,Inexistente,,99
488,Inexistente,,99
492,Inexistente,,99
295,Inexistente,,99
493,Inexistente,,99
494,Inexistente,,99
303,Inexistente,,99
311,Inexistente,,99
315,Inexistente,,99
495,Inexistente,,99
496,Inexistente,,99
497,Inexistente,,99
353,Inexistente,,99
310,Recaudadora N° 133,López Mateos Sur (unidad Adminsitrativa Sur),2
258,- Inexistente -,,99
117,Inexistente,,99
528,Inexistente,,99
141,Almacén General SEP,Circunvalación Norte No. 220-1,2
85,- Inexistente -,,99
375,-Inexistente-,,99
90,- Inexistente -,,99
113,Diconsa (Sedesol),Domicilio conocido,3
451,Diconsa (Sedesol),Domicilio conocido,3
263,Tienda comunitaria Diconsa (Sedesol),Calle San Ramón S/N,3
455,- Inexistente -,,99
180,- Inexistente -,,99
250,CAIC (DIF),Puerto Tuxpan y Puerto Tampico,2
250,Instituto Jalisciense de Asistencia Social No. 6,Puerto Tampico y Oasis,2
250,Instituto Jalisciense de Asistencia Social No. 5,Puerto Guaymas,2
250,Liconsa Sedesol,Puerto Batabampo 20-099,3
19,- Inexistente -,,99
274,- Inexistente -,,99
380,- Inexistente -,,99
369,- Inexistente -,,99
456,- Inexistente -,,99
169,- Inexistente -,,99
97,CFE,Felipe Ruvalcaba 5550,3
146,- Inexistente -,,99
226,- Inexistente -,,99
93,- Inexistente -,,99
319,- Inexistente -,,99
34,- Inexistente -,,99
151,- Inexistente -,,99
426,- Inexistente -,,99
427,Base de Policía y Bomberos,Federalismo y Luis Quintero,1
427,CDI DIF,Luis Quintero,1
14,- Inexistente -,,99
125,Seguridad Pública,Av. Guadalupe y Periférico,1
125,Servicios Públicos Municipales,Periférico y Av. Guadalupe,1
125,SIAPA Colli I,Misión de Santo Tomás y Av. Tepeyac,2
125,Centro de Atención Primaria en Adicciones,Av. Guadalupe y Periférico,2
125,Coplademun,Av. Periférico y Av. Guadalupe,1
154,- Inexistente -,,99
376,- Inexistente -,,99
459,- Inexistente -,,99
457,- Inexistente -,,99
458,- Inexistente -,,99
338,- Inexistente -,,99
411,- Inexistente -,,99
460,- Inexistente -,,99
461,- Inexistente -,,99
50,- Inexistente -,,99
46,Liconsa,Calle Principal No. 9,3
62,"Procuraduría de la defensa del menor y la familia, del DIF","Constitución No. 64-B, Tel. 38548884",2
130,- Inexistente -,,99
128,- Inexistente -,,99
304,- Inexistente -,,99
462,- Inexistente -,,99
463,- Inexistente -,,99
464,- Inexistente -,,99
465,- Inexistente -,,99
466,- Inexistente -,,99
339,"IEPC Consejo Local Distrito 06,",Av. Los Robles No. 553,2
20,- Inexistente -,,99
82,- Inexistente -,,99
51,Oficialía No. 2 del Registro Civil,"López Mateos Sur No. 5100, Tel. 31244800 y 36320186",1
51,Dirección de Catastro,López Mateos Sur No. 5100,1
310,Instituto Jalisciense de Ciencias Forenses,López Mateos Sur (Unidad Adminsitrativa Sur),2
310,Tesoreria Municipalo N° 2,López Mateos Sur (Unidad Administrativa Sur),1
310,Oficialia del Registro Civil N° 2,"López Mateos N° 5150  (Unidad Adminsitrativa Sur), Telefono 31244800",1
324,Inexistente,,99
251,Inexistente,,99
498,Inexistente,,99
499,Inexistente,,99
500,Inexistente,,99
501,Inexistente,,99
502,Inexistente,,99
503,Inexistente,,99
504,Inexistente,,99
7,"Liconsa, (Sedesol)",Lázaro Cárdenas 61,3
7,CDC DIF No. 9,Álvaro Obregón y López Mateos,1
7,IJAS (Capilla de Velación),Av. López Mateos y Guadalupe Gallo,2
287,Inexistente,,99
314,Inexistente,,99
309,Inexistente,,99
341,Inexistente,,99
342,Inexistente,,99
349,Módulo Municipal en desuso,Hidalgo y Francisco I. Madero entre Privada Hidalgo,1
349,LICONSA  20-098,Sonora y Angulo,3
506,Inexistente,,99
505,Inexistente,,99
420,Inexistente,,99
357,Inexistente,,99
331,Inexistente,,99
329,Inexistente,,99
160,- Inexistente -,,99
374,- Inexistente -,,99
0,,,9
0,,,0
129,- Inexistente -,,99
507,Inexistente,,99
508,Inexistente,,99
509,Inexistente,,99
510,Inexistente,,99
356,Módulo IFE,"Privada Guadalupe Victoria s/n, junto a la Delegación",3
356,Casa Ejidal de Santa Ana Tepetitlan,"Francisco I. Madero N° 126, tel. 36867434 y 31886727",1
15,Inexistente,,99
511,Inexistente,,99
512,Inexistente,,99
516,Inexistente,,99
30,Inexistente,,0
65,Dirección de Estacionometros y Estacionamientos,López Cotilla N° 29,1
65,"IFE, Junta Distrital Ejecutiva 6° Distrito",Independencia N° 443,3
65,"IEA, Coordinación 18 regional Zapopan",Industria N° 57,3
65,Dirección de Participación Ciudadana,aldama N° 40,1
65,Almacen Municipal,Eva Briseño N° 72,1
332,Iinexistente,,99
333,Inexistente,,99
327,Inxistente,,99
389,Inexistente,,99
404,Inexistente,,99
419,Inexistente,,0
421,Inexistente,,99
515,Inexistente,,0
514,inexistente,,99
65,Junta Municipal de Reclutamiento,"Unidad Administrativa Basílica, Plaza de las Américas ""Juan Pablo II""; Planta Baja; Tel. 38182200 Ext. 1660 y 1662.",1
16,Oficina de Correos Nº 45132,"Av. De la Mancha Nº 254, 3832 6431",3
22,Centro de Desarrollo Comunitario No. 20,"Francisco I. Madero s/n (Esquina Mercurio y Paseo de la Primavera), Tel. 10289598",1
36,Oficialía Nº 8 del Regirstro Civil,"Obregón Nº 56, tel. 3672 5493, de lunes a viernes de  09:00 a 15:00 hrs. Lic. Fernando Martínez Macias.",1
36,Delegación Municipal de El Batán,"Álvaro Obregón Nº 56, Tel. 36608140 y 36725493, Delegado José de Jesús Martínez Gutierrez.",1
36,Centro de Desarrollo Comunitario No. 4,"Álvaro Obregón s/n, (Esq. Agua Azul), Tel. 36607809 y 36608140",1
46,Centro de Deasarrollo Comunitario No. 14,"Santa Ana s/n (Cruza Calle Principal), Tel. 31888692.",1
51,"Oficina de Correos Nº 45182 ""Plaza la Luna""","Mariano Otero Nº 3363 Loc. 10A y 10B, 3647 3334",3
55,Centro de Desarrollo Comunitario No. 25,Campanario No. 2659 entre San Pedro y San PabTel. 36866785,1
65,"Oficina de Correos Nº 45101 ""Básilica de Zapopan""","Moctezuma Nº 88, 3636 2600",3
65,Oficialía Nº 1 del Regirstro Civil,"Unidad Administrativa “Basílica”, Plaza de las Americas ""Juan Pablo II"", Primer piso, tel. 38182200 ext. 1680 y 1681, de lunes a viernes de 09:00 a 18:00 hrs., sábados de 09:00 a 15:00 hrs., domingos de 10:00 a 13:00 hrs.",1
70,"Oficina de Correos Nº 45042""","Av. Tepeyac Nº 802, 3121 4004",3
77,"Oficina de Correos Nº 45021 ""Plaza Guadalupe""","Av. Manuel J. Clouthier Nº 168a, 3673 2355",3
78,"Oficina de Correos Nº 45011 ""Ciudad Granja""","Circunvalación Ote. Nº 157, 3627 2983",3
78,Oficialía Nº 7 del Regirstro Civil,"Av. Central Nº 40-A, entre Calzada Central Norte y Av. Vallarta (edificio de la Delegación), tel. 3673 6244, de lunes a viernes de  09:00 a 15:00 hrs.",1
109,Base 3 de Bomberos,Prol. Federalismo y Tratado de Tlatelolco,1
78,Delegación Municipal de Ciudad Granja,"Av. Central Nº 40, Tel. 36272402 y 36272274, Delegada Ana Bertha Pérez Fuentes, Subdelegado: Netzahuilpilli Delgado Montero.",1
97,Centro de Desarrollo Comunitario,"Volcán de Fuego s/n (Cruza Volcán Paricutín), Tel. 31250225 y 31256555.",1
108,Oficina de Correos Nº 45182,"Luis Manuel Rojas s/n, Loc. 3, 4 y 5, Tel. 3660 1896",3
108,Oficialía Nº 5 del Regirstro Civil,"Interior del Centro Social Recreativo (ex Mercado Bola), tel. 3660 9255, de lunes a viernes de  09:00 a 15:00 hrs. Lic. Maria Celina Fonseca Gutiérrez.",1
95,Liconsa,"Melchor Ocampo No. 4, esq. Av. Colli",3
95,Inmueble municipal,Melchor Ocampo y Av. Collil,1
236,- Inexistente -,,99
11,- Inexistente -,,99
51,Recaudadora 133,"López Mateos Sur No. 5150, Tel. 36343362 y 36315649",2
51,SIAPA,López Mateos Sur No. 5100,2
51,Oficina de Correos No. 45082 Las Águilas,"López Mateos Sur No. 5100, 36327285",3
72,- Inexistente -,,99
473,- Inexistente -,,99
31,- Inexistente -,,99
49,Liconsa Sedesol 20-135,San Jose 210 y De las Rosas,3
108,"Unidad de Capacitación para la Confección Industrial, DIF","Félix Palavicini Nº 1034, Tel. 36665088",1
110,Agencia Municipal de Copala,"Hidalgo Nº 3, Tel. 3311559657, Agente Humberto Ayala Reynoso",1
111,Agencia Municipal de Copalita poblado,"Dom. Conocido, Tel. 3331786477 y 3338433522, Agente Gerardo García Alvarado.",1
119,Centro de Desarrollo Comunitario No. 21,"Emiliano Zapata s/n, Tel. 33656227",1
126,Agencia Municipal de Exhacienda del Lazo,"Dom. Conocido, Tel. 3338661387 y 3331786467, Agente Gabriel Espinosa Reynoso.",1
127,Delegación Municipal de La Experiencia,"Luis I. Vals Nº 8, Tel, 36726705, Delegado Norberto Valdivia Gutíerrez",1
167,Agencia Municipal de Huaxtla,"San Luis Nº 24, Tel. 3334963354, Agente Ramíro Orozco Llamas.",1
170,"Unidad de Capacitación para la Confección Industrial, DIF","Privada de la Cruz Nº 38, Tel. 38665123.",1
175,Oficialía Nº 13 del Regirstro Civil,"Morelos Nº 18 (en el edificio de la Delegación), de Lun-Vie de  09:00-15:00 hrs. Lic. Fernando Martínez Macias.",1
175,Delegación Municipal de Ixcatan Poblado,"Morelos Nº 18 esq. Juárez, Delegado Adelaido Rubalcaba Saldaña, Subdelegado: Guillermo Saldaña Martínez",1
182,Centro de Desarrollo Comunitario No. 12,"Prolongación Av. Tepeyac s/n (Esquina Prados del Ixtepete), Tel. 36866721.",1
187,Oficialía Nº 16 del Regirstro Civil,"Honorato de Balzak Nº 280 (en el módulo anexo al jardín), de lunes a viernes de  09:00 a 15:00 hrs.tel. 3629 3920 y 3673 6695 Lic. Patricia Rivera Zúñiga.",1
191,Centro de Desarrollo Comunitario,"Octava Oriente (Entre Octava Sur e Idolina Gaona y Séptima Oriente), Tel. 36240827.",1
220,Centro de Desarrollo Comunitario DIF,"Calle Nardos Nº 22 (cruza con Laureles), Tel. 33665536.",1
245,Agencia Municipal de Milpillas de San Juan,"Emiliano Zapata Nº 3, Tel. 36242238, Agente Sacramento Ramírez Romero.",1
250,Centro de Desarrollo Comunitario,"Puerto Matamoros Nº 77 (Esquina Puerto Acapulco), Tel. 10281638.",1
255,Delegación Municipal de Nextipac,"16 de Septiembre esq. Leona Vicario, Tel. 38971114, Delegado José Ascencio Rivera, Subdelegada Francisca Flores Martínez.",1
255,Centro de Desarrollo Comunitario,"Rita Pérez (Cruza con Reforma), Tel. 38973097",1
266,Centro de Desarrollo Comunitario No. 1,"Prolongación Paraísos del Colli N° 1000 (cruce con  Jacarandas), Tel. 31801272 y 31809045.",1
277,Inexistente,,99
297,Delegación Municipal de La Primavera,"Av. Del Bosque Nº 119 esq. Ignacio Allende, Tel. 31510817",1
297,Centro de Desarrollo Comunitario,"Av. Del Carril s/n, Tel. 31511093 y 31511398.",1
337,Agencia Municipal de Rio Blanco,"AGENCIA: Independencia Nº 5731, Tel. 38337930, Agente Ángel González Villalobos",1
343,Oficialía Nº 19 del Regirstro Civil,"(en el edificio de la delegación), de lunes a viernes de  09:00 a 15:00 hrs. tel. 3625 4162 Lic. Fernando Martínez Macias.",1
343,Delegación Municipal de San Esteban,"DELEGACIÓN: Plaza Pública, Tel. 36254162, Delegado Carlos Carrillo Poblano.",1
346,Agencia Municipal de San Isidro Poblado,"Carretera a Saltillo KM. 15 N° 1, Telefono 31656371, Agente Municipal Carlos Miguel Ortega Camarena",1
349,Oficialía Nº 11 del Regirstro Civil,"Independencia s/n (en el edifico de la delegación), tel. 3110 1082, de lunes a viernes de  09:00 a 15:00 hrs. Lic. Herlinda Laila Abdala Campos.",1
349,Delegación Municipal de San Juan de Ocotán,"Independencia s/n, Tel. 36254162, Delegado Carlos Carrillo Poblano.",1
349,Centro de Desarrollo Comunitario,"San Juan de Ocotán Nº 201 (Esquina Independencia), Tel. 31101458.",1
350,Agencia Municipal de San Lorenzo,"Dom. Hidalgo N° 8, Tel. 39583423,",1
356,Oficialía Nº 10 del Regirstro Civil,"Privada Guadalupe Victoria (en el edificio de la Delegación), tel. 3612 2650, de lunes a viernes de  09:00 a 15:00 hrs. Lic. Maria del Pilar Fernández Ruíz.",1
356,Delegación Municipal de Santa Ana Tepetitlán,"Privada Guadalupe Victoria s/n, Tel. 36849735, Delegado Elías Navarro Ureña, Subdelegado Esperanza Cruz Pérez.",1
356,Centro de Desarrollo Comunitario,"Hidalgo s/n (Esq. Aquiles Serdán), Tel. 36120609 y 36866724.",1
360,Centro de Desarrollo Comunitario,"Manuel M. Diéguez Nº 100 (Cruza con Emiliano Zapata), Tel. 38971678.",1
364,Centro de Desarrollo Comunitario,"Guadalupe Victoria s/n (cruza con Morelos), Tel. 36274108 y 36821727",1
365,Centro de Desarrollo Comunitario,"Carretera a Nextipac (Esquina Manantial), Tel. 38971229",1
370,Oficialía Nº 15 del Regirstro Civil,"Av. Tabachines y Periférico (en la glorieta de la entrada), de lunes a viernes de  09:00 a 15:00 hrs. tel. 3660 7297. Lic. Alejandro Villalobos Ruíz.",1
370,Procuraduría de la Defensa del Menor y la Familia,"Av. Tabachines Nº 2590, Tel. 33663912, Horario de 9:00 a 15:00 horas.",1
373,"Oficina de Correos Nº 45202 ""Tesistán""","Jalisco Nº 50 l. 1 y 2, 3897 0042",3
373,Oficialía Nº 6 del Regirstro Civil,"Ramón Corona y Puebla (en la plaza principal), tel. 3897 0141, de lunes a viernes de  09:00 a 15:00 hrs. Lic. Dulce Elia López Gómez.",1
373,"Módulos de Asistencia Social, DIF","Plaza Principal de Tesistán, Tel. 38970404.",1
272,-Inexistente-,,99
63,-Inexistente-,,99
139,-Inexistente-,,99
394,Oficialía Nº 18 del Regirstro Civil,"Manuel García Nº 38 (en el edificio de la delegación), de lunes a viernes de  09:00 a 15:00 hrs. tel. 3151 1008, Lic. Leonardo Sevilla Martínez.",1
385,Dir. de Programación,Andador  Ma. Cristina Peña 247,1
385,Inst. de la Mujer,Andador  Ma. Cristina  Peña  247,1
385,Inst. de la Juventud,Andador  Ma. Cristina Peña  247,1
446,-Inexistente-,,99
12,-Inexistente-,,99
86,-Inexistente-,,99
293,Lechería Liconsa SEDESOL,Juan Escutia,3
394,Delegación Municipal de La Venta del Astillero,"Manuel García Nº 38, Tel. 31510296, Delegado Ricardo Daniel Merín García.",1
273,Centro de Desarrollo Comunitario No. 22,González Gallo #4110 esq. Plan de Guadalupe,99
282,-Inexistente-,,99
283,-Inexistente-,,99
325,-Inexistente-,,99
330,-Inexistente-,,99
366,-Inexistente-,,99
367,-Inexistente-,,99
368,-Inexistente-,,99
379,-Inexistente-,,99
384,-Inexistente-,,99
395,-Inexistente-,,99
398,-Inexistente-,,99
402,-Inexistente-,,99
407,-Inexistente-,,99
409,-Inexistente-,,99
308,Ninguna,,0
47,D.I.F.,Prolongacion Boulevard Bugambilias # 2500,0
138,No hay,,0
385,Dir. Gral. Desarrollo Social y Humano,Gomez Farías,1
385,Educación Municipal,Vicente Guerrero 262,1
385,Inst. de Cultura,Vicente Guerrrero 283,1
415,Dirección de Pensiones del Estado,San Jorge y Lago Constanza,0
415,CADIP Centro de Atención y Desarrollo Integral del Pensionado,San Jorge y Lago Constanza,0
428,- Inexistente -,,99
431,- Inexistente -,,99
171,Comisión Nacional Forestal  (Conafor),Periférico Poniente 5360 CP 45019.,3
433,- Inexistente -,,99
373,SAGARPA,"Jalisco, en la Plaza Principal",3
373,Instituto Federal Electoral,"Jalisco, en Plaza Principal",3
373,Liconsa,5 de mayo,3
271,Unidad Administrativa del Ayuntamiento de Zapopan (en construcción),Fray Francisco Dumetz,1
440,Inexistente,,99
442,Inexistente,,99
385,Dir. de Asesores,And. Ma. Cristina Peña y Matamoros,1
344,Padrón y Licencias,"Fray Francisco San Lorenzo, entre Fray Toribio de Motolinia y Av. Tesistán",1
293,Pozo del SIAPA,Crisantemo y Cerrada. También en Vicente Suárez y Francisco I. Madero,2
448,-Inexistente-,,99
17,- Inexistente -,,99
449,- Inexistente -,,99
56,- Inexistente -,,99
234,- Inexistente -,,99
434,- Inexistente -,,99
435,- Inexistente -,,99
450,- Inexistente -,,99
164,Liconsa,"Lagos de Moreno, clave 120-124",3
259,Liconsa,Av. Guadalajara esq. 06 de enero,3
259,"Supervisión Escolar Zona 111, Secretaría de Educación",2 de febrero No. 1,2
1,DIF Zapopan,"Calle San Miguel S/N, entre San Martín y Volcán Quinceo",1
261,- Inexistente -,,99
381,- Inexistente -,,99
52,- Inexistente -,,99
80,- Inexistente -,,99
140,- Inexistente -,,99
452,- Inexistente -,,99
155,- Inexistente -,,99
322,"Oficina de Correos No. 45021 ""Plaza Guadalupe""","Av. Manuel J. Clouthier No. 168 A, Tel. 36732355",3
65,Oficialia Mayor de Padrón y Licencias,"Unidad Administrativa Basílica, Plaza de las Américas ""Juan Pablo II""; Planta Baja; Tel. 38182200 Ext. 2700 y 2701",1
65,Dirección de Adquisiciones,"Unidad Administrativa Basílica, Plaza de las Américas ""Juan Pablo II"", Planta Baja; Tel, 38182200, Ext. 2148, 2130 y 2060.",1
65,Dirección del Registro Civil,"Unidad Administrativa Basílica, Plaza de las Américas ""Juan Pablo II"", Primer Nivel; Tel, 38182200, Ext. 1690y 1691.",1
65,"Departamento de Recaudacción, Obras Públicas, Estacionómetros y Registro Civil.","Unidad Administrativa Basílica, Plaza de las Américas ""Juan Pablo II"", Primer Nivel; Tel, 38182200, Ext. 3530 y 3531.",1
65,Tesorería Municipales y sus áreas,"Unidad Administrativa Basílica, Plaza de las Américas ""Juan Pablo II"", Segundo Nivel; Tel, 38182200, Ext. 1958, 1901 y 1903",1
65,Dirección de Asuntos Internacionales y Ciudades Hermanas,"Unidad Administrativa Basílica, Plaza de las Américas ""Juan Pablo II"", Segundo Nivel; Tel, 38182200, Ext. 1105, 1102 y 1104",1
65,Oficialia Mayor Administrativa y sus áreas,"Unidad Administrativa Basílica, Plaza de las Américas ""Juan Pablo II"", Tercer Nivel; Tel, 38182200, Ext. 2300 y 2341",1
65,Contraloria Municipal,"Av. Hidalgo s/n, Edificio Serfin, Plaza de los Caudillos, Tel. 38182200, Ext. 1000, 1002 y 1009",1
65,Presidencia Munciipal,"Hidalgo N° 151, Planta Alta , Palacio Muncipal;Tel. 38182200 Ext. 2600 y 2601",1
65,Regidurias,"Hidalgo N° 151, Planta Baja, Palacio Muniicipal,",1
65,Secretaría Particular,"Hidalgo N° 151, Planta Alta , Palacio Muncipal;Tel. 38182200 Ext. 200 y 1203.",1
65,Dirección de Comunicación Social y sus áreas,"Hidalgo N° 151, Planta Alta , Palacio Muncipal;Tel. 38182200 Ext. 1406",1
65,Dirección de Relaciones Públicas,"Hidalgo N° 151, Planta Alta , Palacio Muncipal;Tel. 38182200 Ext. 1400 y 1445",1
65,Sindicatura,"Hidalgo N° 151, Planta Alta , Palacio Muncipal;Tel. 38182200 Ext. 1700, 1701 y 1710",1
65,Secretaria del Ayuntamiento y áreas,"Hidalgo N° 151, Planta Alta , Palacio Muncipal;Tel. 38182200 Ext. 1600, 1601 y 1602",1
3,Inexistente,,99
107,Inexistentte,,99
517,Inexistente,,99
340,Inexistente,,99
372,Inexistente,,99
392,Inexistente,,99
285,Inexistente,,99
519,Inexistente,,99
520,Inexistente,,99
518,Inexistente,,99
521,Inexistente,,99
522,SIAPA   Pozo 79,Coto Saveira,2
523,Inerxistente,,99
524,Inexistente,,99
27,Inexistente,,99
43,Inexistente,,0
45,Inexistente,,99
526,Inexistente,,99
525,Inexistente,,99
513,Inexistente,,99
149,Inmueble Municipal,Fermín Riestra y Privada Ramón García,1
40,Inexistente,,99
195,Centro de Desarrollo Infantil No. 11,Luis Quintero S/N entre Av. Federalismo Norte y Club de Oro,1
408,Centro de Desarrollo Infantil No. 9,"Pío V Enríquez No. 101,  Tel. 36252310",0
356,Centro de Desarrollo Infantil No. 8,"Morelos 80, Tel. 3684-4658",1
361,Centro Metropolitano del Adulto Mayor,"Cerrada Santa Laura S/N (Cruza con calle Santa Laura), tel. 3834-5520",1
454,Inexistente,,99
453,Inexistente,,99
447,Inexistente,,99
527,Inexistente,,99
16,"Academia Municipal "" Altagracia ""","Av. de la Mancha No. 254, Tel. 38182200 Ext. 3865 y 3866",1
18,"Academia Municipal  "" Arboleda """,Av. Santa Margarita No. 140 Tel. 38182200 Tel. 3865 y 3866,1
388,Inexistente,,0
530,Inexistente,,99
531,Inexistentes,,99
529,Inexistente,,99
533,Inexistente,,99
38,LICONSA,Juan Manuel Ruvalcaba,3
472,Bomberos y Proteccion Civil Base 2,Av Molinos,1
24,LICONSA,Francisco i. Madero,3
22,Liconsa,Pririta y Niquel,3
297,Campamento Proteccion civil y Bomberos,Av. del bosque y C Faudon,0
